<?xml version="1.0" encoding="UTF-8"?>
<rss version="2.0"
 xmlns:dc="http://purl.org/dc/elements/1.1/"
 xmlns:georss="http://www.georss.org/georss"
 xmlns:gml="http://www.opengis.net/gml"
 xmlns:nhc="https://www.nhc.noaa.gov">
<channel>
<pubDate>Sun, 08 Oct 2023 22:26:19 GMT</pubDate>
<title>NHC Eastern North Pacific Wallet 1 - Tropical Depression Sixteen-E (EP162023)</title>
<description>Latest advisories and graphics for Tropical Depression Sixteen-E (EP16)</description>
<link>https://www.nhc.noaa.gov/</link>
<copyright>none</copyright>
<managingEditor>nhcwebmaster@noaa.gov (NHC Webmaster)</managingEditor>
<language>en-us</language>
<webMaster>nhcwebmaster@noaa.gov (NHC Webmaster)</webMaster>
<image>
<url>https://www.nhc.noaa.gov/gifs/xml_logo_nhc.gif</url>
<link>https://www.nhc.noaa.gov/</link>
<description>NOAA logo</description>
<title>NHC Eastern North Pacific Wallet 1 - Tropical Depression Sixteen-E (EP162023)</title>
<width>95</width>
<height>45</height>
</image>
<item>
 <title>Summary for Tropical Depression Sixteen-E (EP1/EP162023)</title>
 <guid isPermaLink="false">summary-ep162023-202310082039</guid>
 <pubDate>Sun, 08 Oct 2023 20:39:09 GMT</pubDate>
 <author>nhcwebmaster@noaa.gov (NHC Webmaster)</author>
 <link>https://www.nhc.noaa.gov/text/refresh/MIATCPEP1+shtml/082039.shtml</link>
 <description>
  ...DISTURBANCE BECOMES A TROPICAL DEPRESSION LOCATED FARTHER  NORTHWEST... ...TROPICAL STORM CONDITIONS EXPECTED TO BEGIN ON THE MEXICAN COAST TOMORROW...
 As of 4:00 PM CDT Sun Oct 8
 the center of Sixteen-E was located near 15.9, -101.7
 with movement NNW at 5 mph.
 The minimum central pressure was 1005 mb
 with maximum sustained winds of about 35 mph.
 </description>
 <nhc:Cyclone>
  <nhc:center>15.9, -101.7</nhc:center>
  <nhc:type>Tropical Depression</nhc:type>
  <nhc:name>Sixteen-E</nhc:name>
  <nhc:wallet>EP1</nhc:wallet>
  <nhc:atcf>EP162023</nhc:atcf>
  <nhc:datetime>4:00 PM CDT Sun Oct 8</nhc:datetime>
  <nhc:movement>NNW at 5 mph</nhc:movement>
  <nhc:pressure>1005 mb</nhc:pressure>
  <nhc:wind>35 mph</nhc:wind>
  <nhc:headline> ...DISTURBANCE BECOMES A TROPICAL DEPRESSION LOCATED FARTHER  NORTHWEST... ...TROPICAL STORM CONDITIONS EXPECTED TO BEGIN ON THE MEXICAN COAST TOMORROW...</nhc:headline>
 </nhc:Cyclone>
</item>
<item>
<title>Tropical Depression Sixteen-E Public Advisory Number 4</title>
<description><![CDATA[
...DISTURBANCE BECOMES A TROPICAL DEPRESSION LOCATED FARTHER 
NORTHWEST...
...TROPICAL STORM CONDITIONS EXPECTED TO BEGIN ON THE MEXICAN
COAST TOMORROW...<br />
Location: 15.9&deg;N 101.7&deg;W<br />
Max sustained: 35 mph<br />
Moving: NNW at 5 mph<br />
Min pressure: 1005 mb<br />
<br />
]]>
Issued at 400 PM CDT Sun Oct 08 2023</description>
<pubDate>Sun, 08 Oct 2023 20:39:09 GMT</pubDate>
<link>https://www.nhc.noaa.gov/text/refresh/MIATCPEP1+shtml/082039.shtml</link>
<guid>https://www.nhc.noaa.gov/text/refresh/MIATCPEP1+shtml/082039.shtml</guid>
<author>nhcwebmaster@noaa.gov (NHC Webmaster)</author>
</item>
<item>
<title>Tropical Depression Sixteen-E Forecast Advisory Number 4</title>
<description>Issued at 2100 UTC SUN OCT 08 2023</description>
<pubDate>Sun, 08 Oct 2023 20:38:38 GMT</pubDate>
<link>https://www.nhc.noaa.gov/text/refresh/MIATCMEP1+shtml/082038.shtml</link>
<guid>https://www.nhc.noaa.gov/text/refresh/MIATCMEP1+shtml/082038.shtml</guid>
<author>nhcwebmaster@noaa.gov (NHC Webmaster)</author>
</item>
<item>
<title>Tropical Depression Sixteen-E Forecast Discussion Number 4</title>
<description>Issued at 400 PM CDT Sun Oct 08 2023</description>
<pubDate>Sun, 08 Oct 2023 20:39:39 GMT</pubDate>
<link>https://www.nhc.noaa.gov/text/refresh/MIATCDEP1+shtml/082039.shtml</link>
<guid>https://www.nhc.noaa.gov/text/refresh/MIATCDEP1+shtml/082039.shtml</guid>
<author>nhcwebmaster@noaa.gov (NHC Webmaster)</author>
</item>
<item>
<title>Tropical Depression Sixteen-E Wind Speed Probabilities Number 4</title>
<description>Issued at 2100 UTC SUN OCT 08 2023                                            </description>
<pubDate>Sun, 08 Oct 2023 20:39:09 GMT</pubDate>
<link>https://www.nhc.noaa.gov/text/refresh/MIAPWSEP1+shtml/082039.shtml</link>
<guid>https://www.nhc.noaa.gov/text/refresh/MIAPWSEP1+shtml/082039.shtml</guid>
<author>nhcwebmaster@noaa.gov (NHC Webmaster)</author>
</item>
<item>
<title>Tropical Depression Sixteen-E Graphics</title>
<description>
<![CDATA[
<a href="https://www.nhc.noaa.gov/refresh/graphics_ep1+shtml/204216.shtml?cone">
<img src="https://www.nhc.noaa.gov/storm_graphics/EP16/EP162023_5day_cone_with_line_and_wind_sm2.png"
alt="Tropical Depression Sixteen-E 5-Day Uncertainty Track Image"
width="500" height="400" /></a><br/>
5-Day Uncertainty Track last updated Sun, 08 Oct 2023 20:42:16 GMT
<br /><br /><a href="https://www.nhc.noaa.gov/refresh/graphics_ep1+shtml/204216.shtml?tswind120">
<img src="https://www.nhc.noaa.gov/storm_graphics/EP16/EP162023_wind_probs_34_F120_sm2.png"
alt="Tropical Depression Sixteen-E 34-Knot Wind Speed Probabilities"
width="500" height="400" /> </a><br/>
Wind Speed Probabilities last updated Sun, 08 Oct 2023 21:29:31 GMT
]]>
</description>
<pubDate>Sun, 08 Oct 2023 20:42:16 GMT</pubDate>
<link>https://www.nhc.noaa.gov/refresh/graphics_ep1+shtml/204216.shtml?cone</link>
<guid>https://www.nhc.noaa.gov/refresh/graphics_ep1+shtml/204216.shtml?cone</guid>
<author>nhcwebmaster@noaa.gov (NHC Webmaster)</author>
</item>
<item>
<title>Tropical Depression Sixteen-E 5-Day Track, Uncertainty Cone, Warnings (.shp)</title>
<description>GIS Data last updated Sun, 08 Oct 2023 20:43:13 GMT</description>
<pubDate>Sun, 08 Oct 2023 20:43:13 GMT</pubDate>
<link>https://www.nhc.noaa.gov/gis/forecast/archive/ep162023_5day_latest.zip</link>
<guid isPermaLink="false">gis-5day-shp-ep162023-Sun, 08 Oct 2023 20:43:13 GMT</guid>
<author>nhcwebmaster@noaa.gov (NHC Webmaster)</author>
</item>
<item>
<title>Tropical Depression Sixteen-E Best Track Information (.shp)</title>
<description>GIS Data last updated Sun, 08 Oct 2023 20:43:22 GMT</description>
<pubDate>Sun, 08 Oct 2023 20:43:22 GMT</pubDate>
<link>https://www.nhc.noaa.gov/gis/best_track/ep162023_best_track.zip</link>
<guid isPermaLink="false">gis-bt-shp-ep162023-Sun, 08 Oct 2023 20:43:22 GMT</guid>
<author>nhcwebmaster@noaa.gov (NHC Webmaster)</author>
</item>
<item>
<title>Tropical Depression Sixteen-E Best Track Information (.kmz)</title>
<description>GIS Data last updated Sun, 08 Oct 2023 20:43:22 GMT</description>
<pubDate>Sun, 08 Oct 2023 20:43:22 GMT</pubDate>
<link>https://www.nhc.noaa.gov/gis/best_track/ep162023_best_track.kmz</link>
<guid isPermaLink="false">gis-bt-kml-ep162023-Sun, 08 Oct 2023 20:43:22 GMT</guid>
<author>nhcwebmaster@noaa.gov (NHC Webmaster)</author>
</item>
<item>
<title>Tropical Depression Sixteen-E Forecast Information (.shp)</title>
<description>GIS Data last updated Sun, 08 Oct 2023 20:43:41 GMT</description>
<pubDate>Sun, 08 Oct 2023 20:43:41 GMT</pubDate>
<link>https://www.nhc.noaa.gov/gis/forecast/archive/ep162023_fcst_latest.zip</link>
<guid isPermaLink="false">gis-fcst-shp-ep162023-Sun, 08 Oct 2023 20:43:41 GMT</guid>
<author>nhcwebmaster@noaa.gov (NHC Webmaster)</author>
</item>
<item>
<title>Tropical Depression Sixteen-E Information by ATCF XML Prototype</title>
<description>Issued at  Sun, 08 Oct 2023 20:38:18 GMT. This is only a prototype and the file format may change without notice.</description>
<pubDate>Sun, 08 Oct 2023 20:38:18 GMT</pubDate>
<link>https://www.nhc.noaa.gov/storm_graphics/EP16/atcf-ep162023.xml</link>
<guid isPermaLink="false">atcf-xml-EP162023-4</guid>
<author>nhcwebmaster@noaa.gov (NHC Webmaster)</author>
</item>
</channel>
</rss>
