<?xml version="1.0" encoding="UTF-8"?>
<rss version="2.0"
 xmlns:dc="http://purl.org/dc/elements/1.1/"
 xmlns:georss="http://www.georss.org/georss"
 xmlns:gml="http://www.opengis.net/gml"
 xmlns:nhc="https://www.nhc.noaa.gov">
<channel>
<pubDate>Sun, 08 Oct 2023 21:48:33 GMT</pubDate>
<title>CPHC Central North Pacific Wallet 2 - No current storm</title>
<description>Advisories and graphics for CPHC Central North Pacific Wallet 2</description>
<link>https://www.nhc.noaa.gov/</link>
<copyright>none</copyright>
<managingEditor>nhcwebmaster@noaa.gov (NHC Webmaster)</managingEditor>
<language>en-us</language>
<webMaster>nhcwebmaster@noaa.gov (NHC Webmaster)</webMaster>
<image>
<url>https://www.nhc.noaa.gov/gifs/xml_logo_nhc.gif</url>
<link>https://www.nhc.noaa.gov/</link>
<description>NOAA logo</description>
<title>CPHC Central North Pacific Wallet 2 - No current storm</title>
<width>95</width>
<height>45</height>
</image>
<item>
<title>No current storm in CPHC Central North Pacific Wallet 2</title>
<description>No current storm in CPHC CP2 as of Sun, 08 Oct 2023 21:48:33 GMT</description>
<pubDate>Sun, 08 Oct 2023 21:48:33 GMT</pubDate>
<link>https://www.nhc.noaa.gov/</link>
<guid>https://www.nhc.noaa.gov/</guid>
<author>nhcwebmaster@noaa.gov (NHC Webmaster)</author>
</item>
</channel>
</rss>
