<?xml version="1.0" encoding="UTF-8"?>
<rss version="2.0"
 xmlns:dc="http://purl.org/dc/elements/1.1/"
 xmlns:georss="http://www.georss.org/georss"
 xmlns:gml="http://www.opengis.net/gml"
 xmlns:nhc="https://www.nhc.noaa.gov">
<channel>
<pubDate>Sun, 08 Oct 2023 22:26:19 GMT</pubDate>
<title>NHC Eastern North Pacific Wallet 5 - Tropical Storm Lidia (EP152023)</title>
<description>Latest advisories and graphics for Tropical Storm Lidia (EP15)</description>
<link>https://www.nhc.noaa.gov/</link>
<copyright>none</copyright>
<managingEditor>nhcwebmaster@noaa.gov (NHC Webmaster)</managingEditor>
<language>en-us</language>
<webMaster>nhcwebmaster@noaa.gov (NHC Webmaster)</webMaster>
<image>
<url>https://www.nhc.noaa.gov/gifs/xml_logo_nhc.gif</url>
<link>https://www.nhc.noaa.gov/</link>
<description>NOAA logo</description>
<title>NHC Eastern North Pacific Wallet 5 - Tropical Storm Lidia (EP152023)</title>
<width>95</width>
<height>45</height>
</image>
<item>
 <title>Summary for Tropical Storm Lidia (EP5/EP152023)</title>
 <guid isPermaLink="false">summary-ep152023-202310082036</guid>
 <pubDate>Sun, 08 Oct 2023 20:36:37 GMT</pubDate>
 <author>nhcwebmaster@noaa.gov (NHC Webmaster)</author>
 <link>https://www.nhc.noaa.gov/text/refresh/MIATCPEP5+shtml/082036.shtml</link>
 <description>
  ...LIDIA FORECAST TO STRENGTH BEFORE LANDFALL... ...HURRICANE WATCH ISSUED FOR PORTIONS OF WEST-CENTRAL MEXICO...
 As of 3:00 PM MDT Sun Oct 8
 the center of Lidia was located near 17.6, -112.8
 with movement N at 7 mph.
 The minimum central pressure was 990 mb
 with maximum sustained winds of about 70 mph.
 </description>
 <nhc:Cyclone>
  <nhc:center>17.6, -112.8</nhc:center>
  <nhc:type>Tropical Storm</nhc:type>
  <nhc:name>Lidia</nhc:name>
  <nhc:wallet>EP5</nhc:wallet>
  <nhc:atcf>EP152023</nhc:atcf>
  <nhc:datetime>3:00 PM MDT Sun Oct 8</nhc:datetime>
  <nhc:movement>N at 7 mph</nhc:movement>
  <nhc:pressure>990 mb</nhc:pressure>
  <nhc:wind>70 mph</nhc:wind>
  <nhc:headline> ...LIDIA FORECAST TO STRENGTH BEFORE LANDFALL... ...HURRICANE WATCH ISSUED FOR PORTIONS OF WEST-CENTRAL MEXICO...</nhc:headline>
 </nhc:Cyclone>
</item>
<item>
<title>Tropical Storm Lidia Public Advisory Number 23</title>
<description><![CDATA[
...LIDIA FORECAST TO STRENGTH BEFORE LANDFALL...
...HURRICANE WATCH ISSUED FOR PORTIONS OF WEST-CENTRAL MEXICO...<br />
Location: 17.6&deg;N 112.8&deg;W<br />
Max sustained: 70 mph<br />
Moving: N at 7 mph<br />
Min pressure: 990 mb<br />
<br />
]]>
Issued at 300 PM MDT Sun Oct 08 2023</description>
<pubDate>Sun, 08 Oct 2023 20:36:37 GMT</pubDate>
<link>https://www.nhc.noaa.gov/text/refresh/MIATCPEP5+shtml/082036.shtml</link>
<guid>https://www.nhc.noaa.gov/text/refresh/MIATCPEP5+shtml/082036.shtml</guid>
<author>nhcwebmaster@noaa.gov (NHC Webmaster)</author>
</item>
<item>
<title>Tropical Storm Lidia Forecast Advisory Number 23</title>
<description>Issued at 2100 UTC SUN OCT 08 2023</description>
<pubDate>Sun, 08 Oct 2023 20:36:07 GMT</pubDate>
<link>https://www.nhc.noaa.gov/text/refresh/MIATCMEP5+shtml/082036.shtml</link>
<guid>https://www.nhc.noaa.gov/text/refresh/MIATCMEP5+shtml/082036.shtml</guid>
<author>nhcwebmaster@noaa.gov (NHC Webmaster)</author>
</item>
<item>
<title>Tropical Storm Lidia Forecast Discussion Number 23</title>
<description>Issued at 300 PM MDT Sun Oct 08 2023</description>
<pubDate>Sun, 08 Oct 2023 20:37:38 GMT</pubDate>
<link>https://www.nhc.noaa.gov/text/refresh/MIATCDEP5+shtml/082037.shtml</link>
<guid>https://www.nhc.noaa.gov/text/refresh/MIATCDEP5+shtml/082037.shtml</guid>
<author>nhcwebmaster@noaa.gov (NHC Webmaster)</author>
</item>
<item>
<title>Tropical Storm Lidia Wind Speed Probabilities Number 23</title>
<description>Issued at 2100 UTC SUN OCT 08 2023                                            </description>
<pubDate>Sun, 08 Oct 2023 20:37:07 GMT</pubDate>
<link>https://www.nhc.noaa.gov/text/refresh/MIAPWSEP5+shtml/082037.shtml</link>
<guid>https://www.nhc.noaa.gov/text/refresh/MIAPWSEP5+shtml/082037.shtml</guid>
<author>nhcwebmaster@noaa.gov (NHC Webmaster)</author>
</item>
<item>
<title>Tropical Storm Lidia Graphics</title>
<description>
<![CDATA[
<a href="https://www.nhc.noaa.gov/refresh/graphics_ep5+shtml/203830.shtml?cone">
<img src="https://www.nhc.noaa.gov/storm_graphics/EP15/EP152023_5day_cone_with_line_and_wind_sm2.png"
alt="Tropical Storm Lidia 5-Day Uncertainty Track Image"
width="500" height="400" /></a><br/>
5-Day Uncertainty Track last updated Sun, 08 Oct 2023 20:38:30 GMT
<br /><br /><a href="https://www.nhc.noaa.gov/refresh/graphics_ep5+shtml/203830.shtml?tswind120">
<img src="https://www.nhc.noaa.gov/storm_graphics/EP15/EP152023_wind_probs_34_F120_sm2.png"
alt="Tropical Storm Lidia 34-Knot Wind Speed Probabilities"
width="500" height="400" /> </a><br/>
Wind Speed Probabilities last updated Sun, 08 Oct 2023 21:22:57 GMT
]]>
</description>
<pubDate>Sun, 08 Oct 2023 20:38:30 GMT</pubDate>
<link>https://www.nhc.noaa.gov/refresh/graphics_ep5+shtml/203830.shtml?cone</link>
<guid>https://www.nhc.noaa.gov/refresh/graphics_ep5+shtml/203830.shtml?cone</guid>
<author>nhcwebmaster@noaa.gov (NHC Webmaster)</author>
</item>
<item>
<title>Tropical Storm Lidia 5-Day Track, Uncertainty Cone, Warnings (.shp)</title>
<description>GIS Data last updated Sun, 08 Oct 2023 20:39:03 GMT</description>
<pubDate>Sun, 08 Oct 2023 20:39:03 GMT</pubDate>
<link>https://www.nhc.noaa.gov/gis/forecast/archive/ep152023_5day_latest.zip</link>
<guid isPermaLink="false">gis-5day-shp-ep152023-Sun, 08 Oct 2023 20:39:03 GMT</guid>
<author>nhcwebmaster@noaa.gov (NHC Webmaster)</author>
</item>
<item>
<title>Tropical Storm Lidia Best Track Information (.shp)</title>
<description>GIS Data last updated Sun, 08 Oct 2023 20:39:11 GMT</description>
<pubDate>Sun, 08 Oct 2023 20:39:11 GMT</pubDate>
<link>https://www.nhc.noaa.gov/gis/best_track/ep152023_best_track.zip</link>
<guid isPermaLink="false">gis-bt-shp-ep152023-Sun, 08 Oct 2023 20:39:11 GMT</guid>
<author>nhcwebmaster@noaa.gov (NHC Webmaster)</author>
</item>
<item>
<title>Tropical Storm Lidia Best Track Information (.kmz)</title>
<description>GIS Data last updated Sun, 08 Oct 2023 20:39:11 GMT</description>
<pubDate>Sun, 08 Oct 2023 20:39:11 GMT</pubDate>
<link>https://www.nhc.noaa.gov/gis/best_track/ep152023_best_track.kmz</link>
<guid isPermaLink="false">gis-bt-kml-ep152023-Sun, 08 Oct 2023 20:39:11 GMT</guid>
<author>nhcwebmaster@noaa.gov (NHC Webmaster)</author>
</item>
<item>
<title>Tropical Storm Lidia Forecast Information (.shp)</title>
<description>GIS Data last updated Sun, 08 Oct 2023 20:39:34 GMT</description>
<pubDate>Sun, 08 Oct 2023 20:39:34 GMT</pubDate>
<link>https://www.nhc.noaa.gov/gis/forecast/archive/ep152023_fcst_latest.zip</link>
<guid isPermaLink="false">gis-fcst-shp-ep152023-Sun, 08 Oct 2023 20:39:34 GMT</guid>
<author>nhcwebmaster@noaa.gov (NHC Webmaster)</author>
</item>
<item>
<title>Tropical Storm Lidia Information by ATCF XML Prototype</title>
<description>Issued at  Sun, 08 Oct 2023 20:36:20 GMT. This is only a prototype and the file format may change without notice.</description>
<pubDate>Sun, 08 Oct 2023 20:36:20 GMT</pubDate>
<link>https://www.nhc.noaa.gov/storm_graphics/EP15/atcf-ep152023.xml</link>
<guid isPermaLink="false">atcf-xml-EP152023-23</guid>
<author>nhcwebmaster@noaa.gov (NHC Webmaster)</author>
</item>
</channel>
</rss>
